hotel,is_canceled,lead_time,arrival_date_year,arrival_date_month,arrival_date_week_number,arrival_date_day_of_month,stays_in_weekend_nights,stays_in_week_nights,adults,children,babies,meal,country,market_segment,distribution_channel,is_repeated_guest,previous_cancellations,previous_bookings_not_canceled,reserved_room_type,assigned_room_type,booking_changes,deposit_type,agent,company,days_in_waiting_list,customer_type,adr,required_car_parking_spaces,total_of_special_requests,reservation_status,reservation_status_date,name,email,phone-number,credit_card
Resort Hotel,0,342,2015,July,27,1,0,0,2,0.0,0,BB,PRT,Direct,Direct,0,0,0,C,C,3,No Deposit,,,0,Transient,0.0,0,0,Check-Out,2015-07-01,Ernest Barnes,Ernest.Barnes31@outlook.com,669-792-1661,************4322
Resort Hotel,0,737,2015,July,27,1,0,0,2,0.0,0,BB,PRT,Direct,Direct,0,0,0,C,C,4,No Deposit,,,0,Transient,0.0,0,0,Check-Out,2015-07-01,Andrea Baker,Andrea_Baker94@aol.com,858-637-6955,************9157
Resort Hotel,0,7,2015,July,27,1,0,1,1,0.0,0,BB,GBR,Direct,Direct,0,0,0,A,C,0,No Deposit,,,0,Transient,75.0,0,0,Check-Out,2015-07-02,Rebecca Parker,Rebecca_Parker@comcast.net,652-885-2745,************3734
Resort Hotel,0,13,2015,July,27,1,0,1,1,0.0,0,BB,GBR,Corporate,Corporate,0,0,0,A,A,0,No Deposit,304.0,,0,Transient,75.0,0,0,Check-Out,2015-07-02,Laura Murray,Laura_M@gmail.com,364-656-8427,************5677
Resort Hotel,0,14,2015,July,27,1,0,2,2,0.0,0,BB,GBR,Online TA,TA/TO,0,0,0,A,A,0,No Deposit,240.0,,0,Transient,98.0,0,1,Check-Out,2015-07-03,Linda Hines,LHines@verizon.com,713-226-5883,************5498
Resort Hotel,0,14,2015,July,27,1,0,2,2,0.0,0,BB,GBR,Online TA,TA/TO,0,0,0,A,A,0,No Deposit,240.0,,0,Transient,98.0,0,1,Check-Out,2015-07-03,Jasmine Fletcher,JFletcher43@xfinity.com,190-271-6743,************9263
Resort Hotel,0,0,2015,July,27,1,0,2,2,0.0,0,BB,PRT,Direct,Direct,0,0,0,C,C,0,No Deposit,,,0,Transient,107.0,0,0,Check-Out,2015-07-03,Dylan Rangel,Rangel.Dylan@comcast.net,420-332-5209,************6994
Resort Hotel,0,9,2015,July,27,1,0,2,2,0.0,0,FB,PRT,Direct,Direct,0,0,0,C,C,0,No Deposit,303.0,,0,Transient,103.0,0,1,Check-Out,2015-07-03,William Velez,Velez_William@mail.com,286-669-4333,************8729
Resort Hotel,1,85,2015,July,27,1,0,3,2,0.0,0,BB,PRT,Online TA,TA/TO,0,0,0,A,A,0,No Deposit,240.0,,0,Transient,82.0,0,1,Canceled,2015-05-06,Steven Murphy,Steven.Murphy54@aol.com,341-726-5787,************3639
Resort Hotel,1,75,2015,July,27,1,0,3,2,0.0,0,HB,PRT,Offline TA/TO,TA/TO,0,0,0,D,D,0,No Deposit,15.0,,0,Transient,105.5,0,0,Canceled,2015-04-22,Michael Moore,MichaelMoore81@outlook.com,316-648-6176,************9190
Resort Hotel,1,23,2015,July,27,1,0,4,2,0.0,0,BB,PRT,Online TA,TA/TO,0,0,0,E,E,0,No Deposit,240.0,,0,Transient,123.0,0,0,Canceled,2015-06-23,Priscilla Collins PhD,PhD.Priscilla74@att.com,833-887-7898,************4642
Resort Hotel,0,35,2015,July,27,1,0,4,2,0.0,0,HB,PRT,Online TA,TA/TO,0,0,0,D,D,0,No Deposit,240.0,,0,Transient,145.0,0,0,Check-Out,2015-07-05,Laurie Smith,Smith.Laurie@att.com,804-383-4080,************5450
Resort Hotel,0,68,2015,July,27,1,0,4,2,0.0,0,BB,USA,Online TA,TA/TO,0,0,0,D,E,0,No Deposit,240.0,,0,Transient,97.0,0,3,Check-Out,2015-07-05,Casey Thomas,Casey_T78@outlook.com,211-071-2173,************8518
Resort Hotel,0,18,2015,July,27,1,0,4,2,1.0,0,HB,ESP,Online TA,TA/TO,0,0,0,G,G,1,No Deposit,241.0,,0,Transient,154.77,0,1,Check-Out,2015-07-05,Rachel Friedman,Rachel.F@protonmail.com,435-075-8409,************9767
Resort Hotel,0,37,2015,July,27,1,0,4,2,0.0,0,BB,PRT,Online TA,TA/TO,0,0,0,E,E,0,No Deposit,241.0,,0,Transient,94.71,0,0,Check-Out,2015-07-05,Edward Torres,Edward.T@zoho.com,790-746-7471,************7719
Resort Hotel,0,68,2015,July,27,1,0,4,2,0.0,0,BB,IRL,Online TA,TA/TO,0,0,0,D,E,0,No Deposit,240.0,,0,Transient,97.0,0,3,Check-Out,2015-07-05,Samuel Zavala,Zavala_Samuel46@xfinity.com,649-384-5387,************7612
Resort Hotel,0,37,2015,July,27,1,0,4,2,0.0,0,BB,PRT,Offline TA/TO,TA/TO,0,0,0,E,E,0,No Deposit,8.0,,0,Contract,97.5,0,0,Check-Out,2015-07-05,Dr. Victor Martin,Dr.Martin@xfinity.com,331-430-8824,************6279
Resort Hotel,0,12,2015,July,27,1,0,1,2,0.0,0,BB,IRL,Online TA,TA/TO,0,0,0,A,E,0,No Deposit,240.0,,0,Transient,88.2,0,0,Check-Out,2015-07-02,Sara Lee,Sara.L@hotmail.com,573-306-9938,************8950
Resort Hotel,0,0,2015,July,27,1,0,1,2,0.0,0,BB,FRA,Corporate,Corporate,0,0,0,A,G,0,No Deposit,,110.0,0,Transient,107.42,0,0,Check-Out,2015-07-02,Curtis Rodriguez,CRodriguez@verizon.com,466-424-2102,************1179
Resort Hotel,0,7,2015,July,27,1,0,4,2,0.0,0,BB,GBR,Direct,Direct,0,0,0,G,G,0,No Deposit,250.0,,0,Transient,153.0,0,1,Check-Out,2015-07-05,Stephanie Schmidt,StephanieSchmidt@hotmail.com,896-642-1049,************1110
Resort Hotel,0,37,2015,July,27,1,1,4,1,0.0,0,BB,GBR,Online TA,TA/TO,0,0,0,F,F,0,No Deposit,241.0,,0,Transient,97.29,0,1,Check-Out,2015-07-06,John Matthews,John.Matthews@aol.com,952-496-4398,************1019
Resort Hotel,0,72,2015,July,27,1,2,4,2,0.0,0,BB,PRT,Direct,Direct,0,0,0,A,A,1,No Deposit,250.0,,0,Transient,84.67,0,1,Check-Out,2015-07-07,Robert Chung,Robert.Chung47@yandex.com,382-465-6552,************8524
Resort Hotel,0,72,2015,July,27,1,2,4,2,0.0,0,BB,PRT,Direct,Direct,0,0,0,A,A,1,No Deposit,250.0,,0,Transient,84.67,0,1,Check-Out,2015-07-07,Mark Garcia,MGarcia16@comcast.net,784-675-4921,************4371
Resort Hotel,0,72,2015,July,27,1,2,4,2,0.0,0,BB,PRT,Direct,Direct,0,0,0,D,D,1,No Deposit,250.0,,0,Transient,99.67,0,1,Check-Out,2015-07-07,Brandon Taylor,BrandonTaylor@hotmail.com,227-329-7167,************8470
Resort Hotel,0,127,2015,July,27,1,2,5,2,0.0,0,HB,GBR,Offline TA/TO,TA/TO,0,0,0,D,I,0,No Deposit,115.0,,0,Contract,94.95,0,1,Check-Out,2015-07-01,Angie Sanchez,Angie_Sanchez@att.com,211-889-2476,************8871
Resort Hotel,0,78,2015,July,27,1,2,5,2,0.0,0,BB,PRT,Offline TA/TO,TA/TO,0,0,0,D,D,0,No Deposit,5.0,,0,Transient,63.6,1,0,Check-Out,2015-07-08,Alexis King,King_Alexis70@hotmail.com,103-516-5853,************6809
Resort Hotel,0,48,2015,July,27,1,2,5,2,0.0,0,BB,IRL,Offline TA/TO,TA/TO,0,0,0,D,D,0,No Deposit,8.0,,0,Contract,79.5,0,0,Check-Out,2015-07-08,Michael Davidson,MichaelDavidson82@att.com,336-525-2460,************8662
Resort Hotel,1,60,2015,July,27,1,2,5,2,0.0,0,BB,PRT,Online TA,TA/TO,0,0,0,E,E,0,No Deposit,240.0,,0,Transient,107.0,0,2,Canceled,2015-05-11,Jaime Flynn,JaimeFlynn29@gmail.com,549-866-3721,************9660
Resort Hotel,0,77,2015,July,27,1,2,5,2,0.0,0,BB,PRT,Online TA,TA/TO,0,0,0,A,A,0,No Deposit,240.0,,0,Transient,94.0,0,0,Check-Out,2015-07-08,Mrs. Alicia Williams,Mrs..W61@yandex.com,427-564-4927,************4445
Resort Hotel,0,99,2015,July,27,1,2,5,2,0.0,0,BB,PRT,Online TA,TA/TO,0,0,0,D,D,0,No Deposit,240.0,,0,Transient,87.3,1,1,Check-Out,2015-07-08,Heather Hart,Heather.H@xfinity.com,431-329-6663,************2780
Resort Hotel,0,118,2015,July,27,1,4,10,1,0.0,0,BB,,Direct,Direct,0,0,0,A,A,2,No Deposit,,,0,Transient,62.0,0,2,Check-Out,2015-07-15,Diamond Wilson,Wilson.Diamond@comcast.net,870-563-6202,************8017
Resort Hotel,0,95,2015,July,27,1,4,11,2,0.0,0,BB,GBR,Offline TA/TO,TA/TO,0,0,0,D,D,0,No Deposit,241.0,,0,Transient,63.86,0,0,Check-Out,2015-07-16,Paul Williams,Williams_Paul@xfinity.com,789-736-8837,************7006
Resort Hotel,1,96,2015,July,27,1,2,8,2,0.0,0,BB,PRT,Direct,Direct,0,0,0,E,E,0,No Deposit,,,0,Transient,108.3,0,2,Canceled,2015-05-29,Reginald Cunningham,Reginald_C57@outlook.com,800-249-2144,************5699
Resort Hotel,0,69,2015,July,27,2,2,4,2,0.0,0,BB,IRL,Offline TA/TO,TA/TO,0,0,0,A,C,0,No Deposit,175.0,,0,Transient,65.5,0,0,Check-Out,2015-07-08,Willie Sims,Willie_S@yahoo.com,790-830-7635,************7682
Resort Hotel,1,45,2015,July,27,2,1,3,3,0.0,0,BB,PRT,Online TA,TA/TO,0,0,0,D,D,0,No Deposit,241.0,,0,Transient,108.8,0,1,Canceled,2015-05-19,Alex Brown,Alex.B@zoho.com,956-737-1944,************4084
Resort Hotel,1,40,2015,July,27,2,1,3,3,0.0,0,BB,PRT,Online TA,TA/TO,0,0,0,D,D,0,No Deposit,241.0,,0,Transient,108.8,0,1,Canceled,2015-06-19,Virginia Holden,Virginia.H@aol.com,734-480-9929,************8469
Resort Hotel,0,15,2015,July,27,2,1,3,2,0.0,0,BB,ESP,Online TA,TA/TO,0,0,0,A,C,0,No Deposit,240.0,,0,Transient,98.0,0,0,Check-Out,2015-07-06,John Smith,John_Smith@xfinity.com,624-965-3392,************6445
Resort Hotel,0,36,2015,July,27,2,1,3,3,0.0,0,BB,PRT,Online TA,TA/TO,0,0,0,D,D,0,No Deposit,241.0,,0,Transient,108.8,0,1,Check-Out,2015-07-06,Jennifer Barton,JBarton@hotmail.com,902-792-8048,************2544
Resort Hotel,1,43,2015,July,27,2,1,3,3,0.0,0,BB,PRT,Online TA,TA/TO,0,0,0,D,D,0,No Deposit,241.0,,0,Transient,108.8,0,0,Canceled,2015-05-23,Richard Holt,Richard.Holt@hotmail.com,517-420-6344,************7544
Resort Hotel,0,70,2015,July,27,2,2,3,2,0.0,0,HB,ROU,Direct,Direct,0,0,0,E,E,0,No Deposit,250.0,,0,Transient,137.0,0,1,Check-Out,2015-07-07,Amy Green,Amy.Green56@gmail.com,858-208-4589,************3073
Resort Hotel,1,45,2015,July,27,2,2,3,2,0.0,0,BB,PRT,Online TA,TA/TO,0,0,0,G,G,0,No Deposit,241.0,,0,Transient,117.81,0,0,Canceled,2015-05-18,Kimberly Perez,Perez.Kimberly84@hotmail.com,320-615-3590,************4653
Resort Hotel,0,45,2015,July,27,2,2,3,2,0.0,0,BB,IRL,Offline TA/TO,TA/TO,0,0,0,D,D,0,No Deposit,8.0,,0,Contract,79.5,0,0,Check-Out,2015-07-07,Carly Armstrong,CArmstrong@mail.com,521-784-3601,************7391
Resort Hotel,0,16,2015,July,27,2,2,3,2,0.0,0,BB,ESP,Direct,Direct,0,0,0,F,F,0,No Deposit,,,0,Transient,123.0,0,0,Check-Out,2015-07-07,Scott Hammond,ScottHammond41@verizon.com,632-108-8350,************4823
Resort Hotel,0,70,2015,July,27,2,2,3,2,0.0,0,HB,ROU,Direct,Direct,0,0,0,E,E,0,No Deposit,250.0,,0,Transient,137.0,0,1,Check-Out,2015-07-07,Debra Fuller,Debra.Fuller@protonmail.com,229-134-3710,************3550
Resort Hotel,0,107,2015,July,27,2,2,5,2,0.0,0,BB,PRT,Online TA,TA/TO,0,0,0,A,A,0,No Deposit,240.0,,0,Transient,110.7,0,2,Check-Out,2015-07-09,Rachel Davis,RachelDavis@mail.com,549-261-2558,************2810
Resort Hotel,1,47,2015,July,27,2,2,5,2,2.0,0,BB,PRT,Online TA,TA/TO,0,0,0,G,G,0,No Deposit,240.0,,0,Transient,153.0,0,0,Canceled,2015-06-02,Michael Mccormick,Mccormick.Michael19@aol.com,380-830-9585,************2950
Resort Hotel,0,96,2015,July,27,2,2,5,2,0.0,0,BB,ESP,Offline TA/TO,TA/TO,0,0,0,A,A,0,No Deposit,134.0,,0,Transient,58.95,0,1,Check-Out,2015-07-09,Ann Sullivan,AnnSullivan@att.com,947-577-3720,************4782
Resort Hotel,0,113,2015,July,27,2,2,5,2,0.0,0,BB,NOR,Offline TA/TO,TA/TO,0,0,0,E,E,0,No Deposit,156.0,,0,Transient-Party,82.88,0,2,Check-Out,2015-07-09,Rachel Wallace,Rachel_W79@xfinity.com,870-988-2775,************1133
Resort Hotel,0,90,2015,July,27,2,2,5,2,0.0,0,HB,GBR,Offline TA/TO,TA/TO,0,0,0,A,B,1,No Deposit,243.0,,0,Contract,82.35,0,0,Check-Out,2015-07-09,Carla Ferguson,Carla_Ferguson@att.com,724-910-8709,************8339
Resort Hotel,0,50,2015,July,27,2,2,5,2,0.0,0,HB,IRL,Online TA,TA/TO,0,0,0,E,F,1,No Deposit,241.0,,0,Transient,119.35,0,1,Check-Out,2015-07-09,Greg Hardin,Hardin_Greg@gmail.com,488-646-3204,************1449
